filename,category,suggested_alt_text,location_tag,business_name
hatha-yogashala-pernem-goa-flower-petal-om-mandala-ceremony-01.webp,flower petal om mandala ceremony,"Flower petal Om mandala made by students during opening ceremony at The Hatha Yogashala, Pernem, Goa","Pernem, Querim, Goa 403524",The Hatha Yogashala
hatha-yogashala-pernem-goa-flower-petal-om-mandala-ceremony-02.webp,flower petal om mandala ceremony,"Flower petal Om mandala made by students during opening ceremony at The Hatha Yogashala, Pernem, Goa","Pernem, Querim, Goa 403524",The Hatha Yogashala
hatha-yogashala-pernem-goa-flower-petal-om-mandala-ceremony-03.webp,flower petal om mandala ceremony,"Flower petal Om mandala made by students during opening ceremony at The Hatha Yogashala, Pernem, Goa","Pernem, Querim, Goa 403524",The Hatha Yogashala
hatha-yogashala-pernem-goa-flower-petal-om-mandala-ceremony-04.webp,flower petal om mandala ceremony,"Flower petal Om mandala made by students during opening ceremony at The Hatha Yogashala, Pernem, Goa","Pernem, Querim, Goa 403524",The Hatha Yogashala
hatha-yogashala-pernem-goa-flower-petal-om-mandala-ceremony-05.webp,flower petal om mandala ceremony,"Flower petal Om mandala made by students during opening ceremony at The Hatha Yogashala, Pernem, Goa","Pernem, Querim, Goa 403524",The Hatha Yogashala
hatha-yogashala-pernem-goa-havan-fire-puja-opening-ceremony-01.webp,havan fire puja opening ceremony,"Traditional havan fire puja ceremony performed by priests at The Hatha Yogashala yoga retreat in Pernem, Querim, Goa","Pernem, Querim, Goa 403524",The Hatha Yogashala
hatha-yogashala-pernem-goa-havan-fire-puja-opening-ceremony-02.webp,havan fire puja opening ceremony,"Traditional havan fire puja ceremony performed by priests at The Hatha Yogashala yoga retreat in Pernem, Querim, Goa","Pernem, Querim, Goa 403524",The Hatha Yogashala
hatha-yogashala-pernem-goa-havan-fire-puja-opening-ceremony-03.webp,havan fire puja opening ceremony,"Traditional havan fire puja ceremony performed by priests at The Hatha Yogashala yoga retreat in Pernem, Querim, Goa","Pernem, Querim, Goa 403524",The Hatha Yogashala
hatha-yogashala-pernem-goa-havan-fire-puja-opening-ceremony-04.webp,havan fire puja opening ceremony,"Traditional havan fire puja ceremony performed by priests at The Hatha Yogashala yoga retreat in Pernem, Querim, Goa","Pernem, Querim, Goa 403524",The Hatha Yogashala
hatha-yogashala-pernem-goa-havan-fire-puja-opening-ceremony-05.webp,havan fire puja opening ceremony,"Traditional havan fire puja ceremony performed by priests at The Hatha Yogashala yoga retreat in Pernem, Querim, Goa","Pernem, Querim, Goa 403524",The Hatha Yogashala
hatha-yogashala-pernem-goa-havan-fire-puja-opening-ceremony-06.webp,havan fire puja opening ceremony,"Traditional havan fire puja ceremony performed by priests at The Hatha Yogashala yoga retreat in Pernem, Querim, Goa","Pernem, Querim, Goa 403524",The Hatha Yogashala
hatha-yogashala-pernem-goa-havan-fire-puja-opening-ceremony-07.webp,havan fire puja opening ceremony,"Traditional havan fire puja ceremony performed by priests at The Hatha Yogashala yoga retreat in Pernem, Querim, Goa","Pernem, Querim, Goa 403524",The Hatha Yogashala
hatha-yogashala-pernem-goa-havan-fire-puja-opening-ceremony-08.webp,havan fire puja opening ceremony,"Traditional havan fire puja ceremony performed by priests at The Hatha Yogashala yoga retreat in Pernem, Querim, Goa","Pernem, Querim, Goa 403524",The Hatha Yogashala
hatha-yogashala-pernem-goa-havan-fire-puja-opening-ceremony-09.webp,havan fire puja opening ceremony,"Traditional havan fire puja ceremony performed by priests at The Hatha Yogashala yoga retreat in Pernem, Querim, Goa","Pernem, Querim, Goa 403524",The Hatha Yogashala
hatha-yogashala-pernem-goa-havan-fire-puja-opening-ceremony-10.webp,havan fire puja opening ceremony,"Traditional havan fire puja ceremony performed by priests at The Hatha Yogashala yoga retreat in Pernem, Querim, Goa","Pernem, Querim, Goa 403524",The Hatha Yogashala
hatha-yogashala-pernem-goa-havan-fire-puja-opening-ceremony-11.webp,havan fire puja opening ceremony,"Traditional havan fire puja ceremony performed by priests at The Hatha Yogashala yoga retreat in Pernem, Querim, Goa","Pernem, Querim, Goa 403524",The Hatha Yogashala
hatha-yogashala-pernem-goa-havan-fire-puja-opening-ceremony-12.webp,havan fire puja opening ceremony,"Traditional havan fire puja ceremony performed by priests at The Hatha Yogashala yoga retreat in Pernem, Querim, Goa","Pernem, Querim, Goa 403524",The Hatha Yogashala
hatha-yogashala-pernem-goa-havan-fire-puja-opening-ceremony-13.webp,havan fire puja opening ceremony,"Traditional havan fire puja ceremony performed by priests at The Hatha Yogashala yoga retreat in Pernem, Querim, Goa","Pernem, Querim, Goa 403524",The Hatha Yogashala
hatha-yogashala-pernem-goa-havan-fire-puja-opening-ceremony-14.webp,havan fire puja opening ceremony,"Traditional havan fire puja ceremony performed by priests at The Hatha Yogashala yoga retreat in Pernem, Querim, Goa","Pernem, Querim, Goa 403524",The Hatha Yogashala
hatha-yogashala-pernem-goa-ashram-vegetarian-thali-meal-01.webp,ashram vegetarian thali meal,"Wholesome vegetarian ashram thali meal served at The Hatha Yogashala in Pernem, Goa","Pernem, Querim, Goa 403524",The Hatha Yogashala
hatha-yogashala-pernem-goa-ashram-vegetarian-thali-meal-02.webp,ashram vegetarian thali meal,"Wholesome vegetarian ashram thali meal served at The Hatha Yogashala in Pernem, Goa","Pernem, Querim, Goa 403524",The Hatha Yogashala
hatha-yogashala-pernem-goa-ashram-vegetarian-thali-meal-03.webp,ashram vegetarian thali meal,"Wholesome vegetarian ashram thali meal served at The Hatha Yogashala in Pernem, Goa","Pernem, Querim, Goa 403524",The Hatha Yogashala
hatha-yogashala-pernem-goa-yoga-teacher-training-graduation-photo-01.webp,yoga teacher training graduation photo,"Yoga teacher training group photo with graduate holding certificate under palm trees at The Hatha Yogashala, Goa","Pernem, Querim, Goa 403524",The Hatha Yogashala
hatha-yogashala-pernem-goa-yoga-teacher-training-graduation-photo-02.webp,yoga teacher training graduation photo,"Yoga teacher training group photo with graduate holding certificate under palm trees at The Hatha Yogashala, Goa","Pernem, Querim, Goa 403524",The Hatha Yogashala
hatha-yogashala-pernem-goa-yoga-teacher-training-graduation-photo-03.webp,yoga teacher training graduation photo,"Yoga teacher training group photo with graduate holding certificate under palm trees at The Hatha Yogashala, Goa","Pernem, Querim, Goa 403524",The Hatha Yogashala
hatha-yogashala-pernem-goa-yoga-teacher-training-graduation-photo-04.webp,yoga teacher training graduation photo,"Yoga teacher training group photo with graduate holding certificate under palm trees at The Hatha Yogashala, Goa","Pernem, Querim, Goa 403524",The Hatha Yogashala
hatha-yogashala-pernem-goa-yoga-teacher-training-graduation-photo-05.webp,yoga teacher training graduation photo,"Yoga teacher training group photo with graduate holding certificate under palm trees at The Hatha Yogashala, Goa","Pernem, Querim, Goa 403524",The Hatha Yogashala
hatha-yogashala-pernem-goa-yoga-teacher-training-graduation-photo-06.webp,yoga teacher training graduation photo,"Yoga teacher training group photo with graduate holding certificate under palm trees at The Hatha Yogashala, Goa","Pernem, Querim, Goa 403524",The Hatha Yogashala
hatha-yogashala-pernem-goa-ayurvedic-cooking-class-kitchen-01.webp,ayurvedic cooking class kitchen,"Students learning traditional Indian cooking and roti-making in the kitchen at The Hatha Yogashala, Pernem, Goa","Pernem, Querim, Goa 403524",The Hatha Yogashala
hatha-yogashala-pernem-goa-ayurvedic-cooking-class-kitchen-02.webp,ayurvedic cooking class kitchen,"Students learning traditional Indian cooking and roti-making in the kitchen at The Hatha Yogashala, Pernem, Goa","Pernem, Querim, Goa 403524",The Hatha Yogashala
hatha-yogashala-pernem-goa-ayurvedic-cooking-class-kitchen-03.webp,ayurvedic cooking class kitchen,"Students learning traditional Indian cooking and roti-making in the kitchen at The Hatha Yogashala, Pernem, Goa","Pernem, Querim, Goa 403524",The Hatha Yogashala
hatha-yogashala-pernem-goa-ayurvedic-cooking-class-kitchen-04.webp,ayurvedic cooking class kitchen,"Students learning traditional Indian cooking and roti-making in the kitchen at The Hatha Yogashala, Pernem, Goa","Pernem, Querim, Goa 403524",The Hatha Yogashala
hatha-yogashala-pernem-goa-ayurvedic-cooking-class-kitchen-05.webp,ayurvedic cooking class kitchen,"Students learning traditional Indian cooking and roti-making in the kitchen at The Hatha Yogashala, Pernem, Goa","Pernem, Querim, Goa 403524",The Hatha Yogashala
hatha-yogashala-pernem-goa-ayurvedic-cooking-class-kitchen-06.webp,ayurvedic cooking class kitchen,"Students learning traditional Indian cooking and roti-making in the kitchen at The Hatha Yogashala, Pernem, Goa","Pernem, Querim, Goa 403524",The Hatha Yogashala
hatha-yogashala-pernem-goa-ayurvedic-cooking-class-kitchen-07.webp,ayurvedic cooking class kitchen,"Students learning traditional Indian cooking and roti-making in the kitchen at The Hatha Yogashala, Pernem, Goa","Pernem, Querim, Goa 403524",The Hatha Yogashala
hatha-yogashala-pernem-goa-ayurvedic-cooking-class-kitchen-08.webp,ayurvedic cooking class kitchen,"Students learning traditional Indian cooking and roti-making in the kitchen at The Hatha Yogashala, Pernem, Goa","Pernem, Querim, Goa 403524",The Hatha Yogashala
hatha-yogashala-pernem-goa-ayurvedic-cooking-class-kitchen-09.webp,ayurvedic cooking class kitchen,"Students learning traditional Indian cooking and roti-making in the kitchen at The Hatha Yogashala, Pernem, Goa","Pernem, Querim, Goa 403524",The Hatha Yogashala
hatha-yogashala-pernem-goa-ayurvedic-cooking-class-kitchen-10.webp,ayurvedic cooking class kitchen,"Students learning traditional Indian cooking and roti-making in the kitchen at The Hatha Yogashala, Pernem, Goa","Pernem, Querim, Goa 403524",The Hatha Yogashala
hatha-yogashala-pernem-goa-ayurvedic-cooking-class-kitchen-11.webp,ayurvedic cooking class kitchen,"Students learning traditional Indian cooking and roti-making in the kitchen at The Hatha Yogashala, Pernem, Goa","Pernem, Querim, Goa 403524",The Hatha Yogashala
hatha-yogashala-pernem-goa-ayurvedic-cooking-class-kitchen-12.webp,ayurvedic cooking class kitchen,"Students learning traditional Indian cooking and roti-making in the kitchen at The Hatha Yogashala, Pernem, Goa","Pernem, Querim, Goa 403524",The Hatha Yogashala
hatha-yogashala-pernem-goa-ayurvedic-cooking-class-kitchen-13.webp,ayurvedic cooking class kitchen,"Students learning traditional Indian cooking and roti-making in the kitchen at The Hatha Yogashala, Pernem, Goa","Pernem, Querim, Goa 403524",The Hatha Yogashala
hatha-yogashala-pernem-goa-ayurvedic-cooking-class-kitchen-14.webp,ayurvedic cooking class kitchen,"Students learning traditional Indian cooking and roti-making in the kitchen at The Hatha Yogashala, Pernem, Goa","Pernem, Querim, Goa 403524",The Hatha Yogashala
hatha-yogashala-pernem-goa-ayurvedic-cooking-class-kitchen-15.webp,ayurvedic cooking class kitchen,"Students learning traditional Indian cooking and roti-making in the kitchen at The Hatha Yogashala, Pernem, Goa","Pernem, Querim, Goa 403524",The Hatha Yogashala
hatha-yogashala-pernem-goa-ayurvedic-cooking-class-kitchen-16.webp,ayurvedic cooking class kitchen,"Students learning traditional Indian cooking and roti-making in the kitchen at The Hatha Yogashala, Pernem, Goa","Pernem, Querim, Goa 403524",The Hatha Yogashala
hatha-yogashala-pernem-goa-birthday-celebration-community-gathering-01.webp,birthday celebration community gathering,"Yoga retreat community celebrating together in the evening at The Hatha Yogashala, Querim, Goa","Pernem, Querim, Goa 403524",The Hatha Yogashala
hatha-yogashala-pernem-goa-birthday-celebration-community-gathering-02.webp,birthday celebration community gathering,"Yoga retreat community celebrating together in the evening at The Hatha Yogashala, Querim, Goa","Pernem, Querim, Goa 403524",The Hatha Yogashala
hatha-yogashala-pernem-goa-birthday-celebration-community-gathering-03.webp,birthday celebration community gathering,"Yoga retreat community celebrating together in the evening at The Hatha Yogashala, Querim, Goa","Pernem, Querim, Goa 403524",The Hatha Yogashala
hatha-yogashala-pernem-goa-birthday-celebration-community-gathering-04.webp,birthday celebration community gathering,"Yoga retreat community celebrating together in the evening at The Hatha Yogashala, Querim, Goa","Pernem, Querim, Goa 403524",The Hatha Yogashala
hatha-yogashala-pernem-goa-birthday-celebration-community-gathering-05.webp,birthday celebration community gathering,"Yoga retreat community celebrating together in the evening at The Hatha Yogashala, Querim, Goa","Pernem, Querim, Goa 403524",The Hatha Yogashala
hatha-yogashala-pernem-goa-birthday-celebration-community-gathering-06.webp,birthday celebration community gathering,"Yoga retreat community celebrating together in the evening at The Hatha Yogashala, Querim, Goa","Pernem, Querim, Goa 403524",The Hatha Yogashala
hatha-yogashala-pernem-goa-birthday-celebration-community-gathering-07.webp,birthday celebration community gathering,"Yoga retreat community celebrating together in the evening at The Hatha Yogashala, Querim, Goa","Pernem, Querim, Goa 403524",The Hatha Yogashala
hatha-yogashala-pernem-goa-birthday-celebration-community-gathering-08.webp,birthday celebration community gathering,"Yoga retreat community celebrating together in the evening at The Hatha Yogashala, Querim, Goa","Pernem, Querim, Goa 403524",The Hatha Yogashala
hatha-yogashala-pernem-goa-birthday-celebration-community-gathering-09.webp,birthday celebration community gathering,"Yoga retreat community celebrating together in the evening at The Hatha Yogashala, Querim, Goa","Pernem, Querim, Goa 403524",The Hatha Yogashala
hatha-yogashala-pernem-goa-birthday-celebration-community-gathering-10.webp,birthday celebration community gathering,"Yoga retreat community celebrating together in the evening at The Hatha Yogashala, Querim, Goa","Pernem, Querim, Goa 403524",The Hatha Yogashala
hatha-yogashala-pernem-goa-birthday-celebration-community-gathering-11.webp,birthday celebration community gathering,"Yoga retreat community celebrating together in the evening at The Hatha Yogashala, Querim, Goa","Pernem, Querim, Goa 403524",The Hatha Yogashala
hatha-yogashala-pernem-goa-birthday-celebration-community-gathering-12.webp,birthday celebration community gathering,"Yoga retreat community celebrating together in the evening at The Hatha Yogashala, Querim, Goa","Pernem, Querim, Goa 403524",The Hatha Yogashala
hatha-yogashala-pernem-goa-birthday-celebration-community-gathering-13.webp,birthday celebration community gathering,"Yoga retreat community celebrating together in the evening at The Hatha Yogashala, Querim, Goa","Pernem, Querim, Goa 403524",The Hatha Yogashala
hatha-yogashala-pernem-goa-birthday-celebration-community-gathering-14.webp,birthday celebration community gathering,"Yoga retreat community celebrating together in the evening at The Hatha Yogashala, Querim, Goa","Pernem, Querim, Goa 403524",The Hatha Yogashala
hatha-yogashala-pernem-goa-birthday-celebration-community-gathering-15.webp,birthday celebration community gathering,"Yoga retreat community celebrating together in the evening at The Hatha Yogashala, Querim, Goa","Pernem, Querim, Goa 403524",The Hatha Yogashala
hatha-yogashala-pernem-goa-birthday-celebration-community-gathering-16.webp,birthday celebration community gathering,"Yoga retreat community celebrating together in the evening at The Hatha Yogashala, Querim, Goa","Pernem, Querim, Goa 403524",The Hatha Yogashala
hatha-yogashala-pernem-goa-birthday-celebration-community-gathering-17.webp,birthday celebration community gathering,"Yoga retreat community celebrating together in the evening at The Hatha Yogashala, Querim, Goa","Pernem, Querim, Goa 403524",The Hatha Yogashala
hatha-yogashala-pernem-goa-birthday-celebration-community-gathering-18.webp,birthday celebration community gathering,"Yoga retreat community celebrating together in the evening at The Hatha Yogashala, Querim, Goa","Pernem, Querim, Goa 403524",The Hatha Yogashala
hatha-yogashala-pernem-goa-sunrise-beach-yoga-session-querim-01.webp,sunrise beach yoga session querim,"Sunrise beach yoga class on the sand near Querim, Goa, hosted by The Hatha Yogashala","Pernem, Querim, Goa 403524",The Hatha Yogashala
hatha-yogashala-pernem-goa-sunrise-beach-yoga-session-querim-02.webp,sunrise beach yoga session querim,"Sunrise beach yoga class on the sand near Querim, Goa, hosted by The Hatha Yogashala","Pernem, Querim, Goa 403524",The Hatha Yogashala
hatha-yogashala-pernem-goa-sunrise-beach-yoga-session-querim-03.webp,sunrise beach yoga session querim,"Sunrise beach yoga class on the sand near Querim, Goa, hosted by The Hatha Yogashala","Pernem, Querim, Goa 403524",The Hatha Yogashala
hatha-yogashala-pernem-goa-sunrise-beach-yoga-session-querim-04.webp,sunrise beach yoga session querim,"Sunrise beach yoga class on the sand near Querim, Goa, hosted by The Hatha Yogashala","Pernem, Querim, Goa 403524",The Hatha Yogashala
hatha-yogashala-pernem-goa-sunrise-beach-yoga-session-querim-05.webp,sunrise beach yoga session querim,"Sunrise beach yoga class on the sand near Querim, Goa, hosted by The Hatha Yogashala","Pernem, Querim, Goa 403524",The Hatha Yogashala
hatha-yogashala-pernem-goa-sunrise-beach-yoga-session-querim-06.webp,sunrise beach yoga session querim,"Sunrise beach yoga class on the sand near Querim, Goa, hosted by The Hatha Yogashala","Pernem, Querim, Goa 403524",The Hatha Yogashala
hatha-yogashala-pernem-goa-sunrise-beach-yoga-session-querim-07.webp,sunrise beach yoga session querim,"Sunrise beach yoga class on the sand near Querim, Goa, hosted by The Hatha Yogashala","Pernem, Querim, Goa 403524",The Hatha Yogashala
hatha-yogashala-pernem-goa-sunrise-beach-yoga-session-querim-08.webp,sunrise beach yoga session querim,"Sunrise beach yoga class on the sand near Querim, Goa, hosted by The Hatha Yogashala","Pernem, Querim, Goa 403524",The Hatha Yogashala
hatha-yogashala-pernem-goa-sunrise-beach-yoga-session-querim-09.webp,sunrise beach yoga session querim,"Sunrise beach yoga class on the sand near Querim, Goa, hosted by The Hatha Yogashala","Pernem, Querim, Goa 403524",The Hatha Yogashala
hatha-yogashala-pernem-goa-sunrise-beach-yoga-session-querim-10.webp,sunrise beach yoga session querim,"Sunrise beach yoga class on the sand near Querim, Goa, hosted by The Hatha Yogashala","Pernem, Querim, Goa 403524",The Hatha Yogashala
hatha-yogashala-pernem-goa-sunrise-beach-yoga-session-querim-11.webp,sunrise beach yoga session querim,"Sunrise beach yoga class on the sand near Querim, Goa, hosted by The Hatha Yogashala","Pernem, Querim, Goa 403524",The Hatha Yogashala
hatha-yogashala-pernem-goa-sunrise-beach-yoga-session-querim-12.webp,sunrise beach yoga session querim,"Sunrise beach yoga class on the sand near Querim, Goa, hosted by The Hatha Yogashala","Pernem, Querim, Goa 403524",The Hatha Yogashala
hatha-yogashala-pernem-goa-sunrise-beach-yoga-session-querim-13.webp,sunrise beach yoga session querim,"Sunrise beach yoga class on the sand near Querim, Goa, hosted by The Hatha Yogashala","Pernem, Querim, Goa 403524",The Hatha Yogashala
hatha-yogashala-pernem-goa-sunrise-beach-yoga-session-querim-14.webp,sunrise beach yoga session querim,"Sunrise beach yoga class on the sand near Querim, Goa, hosted by The Hatha Yogashala","Pernem, Querim, Goa 403524",The Hatha Yogashala
hatha-yogashala-pernem-goa-sunrise-beach-yoga-session-querim-15.webp,sunrise beach yoga session querim,"Sunrise beach yoga class on the sand near Querim, Goa, hosted by The Hatha Yogashala","Pernem, Querim, Goa 403524",The Hatha Yogashala
hatha-yogashala-pernem-goa-sunrise-beach-yoga-session-querim-16.webp,sunrise beach yoga session querim,"Sunrise beach yoga class on the sand near Querim, Goa, hosted by The Hatha Yogashala","Pernem, Querim, Goa 403524",The Hatha Yogashala
hatha-yogashala-pernem-goa-sunrise-beach-yoga-session-querim-17.webp,sunrise beach yoga session querim,"Sunrise beach yoga class on the sand near Querim, Goa, hosted by The Hatha Yogashala","Pernem, Querim, Goa 403524",The Hatha Yogashala
hatha-yogashala-pernem-goa-sunrise-beach-yoga-session-querim-18.webp,sunrise beach yoga session querim,"Sunrise beach yoga class on the sand near Querim, Goa, hosted by The Hatha Yogashala","Pernem, Querim, Goa 403524",The Hatha Yogashala
hatha-yogashala-pernem-goa-sunrise-beach-yoga-session-querim-19.webp,sunrise beach yoga session querim,"Sunrise beach yoga class on the sand near Querim, Goa, hosted by The Hatha Yogashala","Pernem, Querim, Goa 403524",The Hatha Yogashala
hatha-yogashala-pernem-goa-sunrise-beach-yoga-session-querim-20.webp,sunrise beach yoga session querim,"Sunrise beach yoga class on the sand near Querim, Goa, hosted by The Hatha Yogashala","Pernem, Querim, Goa 403524",The Hatha Yogashala
hatha-yogashala-pernem-goa-beach-headstand-sirsasana-pose-01.webp,beach headstand sirsasana pose,"Yoga student practicing Sirsasana headstand pose on the beach in Querim, Goa","Pernem, Querim, Goa 403524",The Hatha Yogashala
hatha-yogashala-pernem-goa-beach-headstand-sirsasana-pose-02.webp,beach headstand sirsasana pose,"Yoga student practicing Sirsasana headstand pose on the beach in Querim, Goa","Pernem, Querim, Goa 403524",The Hatha Yogashala
hatha-yogashala-pernem-goa-beach-group-tree-pose-vrksasana-01.webp,beach group tree pose vrksasana,"Yoga group practicing Vrksasana tree pose together on the beach at The Hatha Yogashala, Goa","Pernem, Querim, Goa 403524",The Hatha Yogashala
hatha-yogashala-pernem-goa-beach-group-tree-pose-vrksasana-02.webp,beach group tree pose vrksasana,"Yoga group practicing Vrksasana tree pose together on the beach at The Hatha Yogashala, Goa","Pernem, Querim, Goa 403524",The Hatha Yogashala
hatha-yogashala-pernem-goa-beach-group-tree-pose-vrksasana-03.webp,beach group tree pose vrksasana,"Yoga group practicing Vrksasana tree pose together on the beach at The Hatha Yogashala, Goa","Pernem, Querim, Goa 403524",The Hatha Yogashala
hatha-yogashala-pernem-goa-beach-group-tree-pose-vrksasana-04.webp,beach group tree pose vrksasana,"Yoga group practicing Vrksasana tree pose together on the beach at The Hatha Yogashala, Goa","Pernem, Querim, Goa 403524",The Hatha Yogashala
hatha-yogashala-pernem-goa-beach-group-tree-pose-vrksasana-05.webp,beach group tree pose vrksasana,"Yoga group practicing Vrksasana tree pose together on the beach at The Hatha Yogashala, Goa","Pernem, Querim, Goa 403524",The Hatha Yogashala
hatha-yogashala-pernem-goa-beach-group-tree-pose-vrksasana-06.webp,beach group tree pose vrksasana,"Yoga group practicing Vrksasana tree pose together on the beach at The Hatha Yogashala, Goa","Pernem, Querim, Goa 403524",The Hatha Yogashala
hatha-yogashala-pernem-goa-beach-group-tree-pose-vrksasana-07.webp,beach group tree pose vrksasana,"Yoga group practicing Vrksasana tree pose together on the beach at The Hatha Yogashala, Goa","Pernem, Querim, Goa 403524",The Hatha Yogashala
hatha-yogashala-pernem-goa-beach-group-tree-pose-vrksasana-08.webp,beach group tree pose vrksasana,"Yoga group practicing Vrksasana tree pose together on the beach at The Hatha Yogashala, Goa","Pernem, Querim, Goa 403524",The Hatha Yogashala
hatha-yogashala-pernem-goa-beach-group-tree-pose-vrksasana-09.webp,beach group tree pose vrksasana,"Yoga group practicing Vrksasana tree pose together on the beach at The Hatha Yogashala, Goa","Pernem, Querim, Goa 403524",The Hatha Yogashala
hatha-yogashala-pernem-goa-beach-group-tree-pose-vrksasana-10.webp,beach group tree pose vrksasana,"Yoga group practicing Vrksasana tree pose together on the beach at The Hatha Yogashala, Goa","Pernem, Querim, Goa 403524",The Hatha Yogashala
hatha-yogashala-pernem-goa-candlelit-meditation-session-shala-01.webp,candlelit meditation session shala,"Students in candlelit evening meditation session inside The Hatha Yogashala, Pernem, Goa","Pernem, Querim, Goa 403524",The Hatha Yogashala
hatha-yogashala-pernem-goa-candlelit-meditation-session-shala-02.webp,candlelit meditation session shala,"Students in candlelit evening meditation session inside The Hatha Yogashala, Pernem, Goa","Pernem, Querim, Goa 403524",The Hatha Yogashala
hatha-yogashala-pernem-goa-candlelit-meditation-session-shala-03.webp,candlelit meditation session shala,"Students in candlelit evening meditation session inside The Hatha Yogashala, Pernem, Goa","Pernem, Querim, Goa 403524",The Hatha Yogashala
hatha-yogashala-pernem-goa-candlelit-meditation-session-shala-04.webp,candlelit meditation session shala,"Students in candlelit evening meditation session inside The Hatha Yogashala, Pernem, Goa","Pernem, Querim, Goa 403524",The Hatha Yogashala
hatha-yogashala-pernem-goa-candlelit-meditation-session-shala-05.webp,candlelit meditation session shala,"Students in candlelit evening meditation session inside The Hatha Yogashala, Pernem, Goa","Pernem, Querim, Goa 403524",The Hatha Yogashala
hatha-yogashala-pernem-goa-candlelit-meditation-session-shala-06.webp,candlelit meditation session shala,"Students in candlelit evening meditation session inside The Hatha Yogashala, Pernem, Goa","Pernem, Querim, Goa 403524",The Hatha Yogashala
hatha-yogashala-pernem-goa-candlelit-meditation-session-shala-07.webp,candlelit meditation session shala,"Students in candlelit evening meditation session inside The Hatha Yogashala, Pernem, Goa","Pernem, Querim, Goa 403524",The Hatha Yogashala
hatha-yogashala-pernem-goa-garden-lounge-candid-portrait-01.webp,garden lounge candid portrait,"Candid portrait of a yoga retreat guest relaxing in the tropical garden at The Hatha Yogashala, Goa","Pernem, Querim, Goa 403524",The Hatha Yogashala
hatha-yogashala-pernem-goa-garden-lounge-candid-portrait-02.webp,garden lounge candid portrait,"Candid portrait of a yoga retreat guest relaxing in the tropical garden at The Hatha Yogashala, Goa","Pernem, Querim, Goa 403524",The Hatha Yogashala
hatha-yogashala-pernem-goa-garden-lounge-candid-portrait-03.webp,garden lounge candid portrait,"Candid portrait of a yoga retreat guest relaxing in the tropical garden at The Hatha Yogashala, Goa","Pernem, Querim, Goa 403524",The Hatha Yogashala
hatha-yogashala-pernem-goa-garden-lounge-candid-portrait-04.webp,garden lounge candid portrait,"Candid portrait of a yoga retreat guest relaxing in the tropical garden at The Hatha Yogashala, Goa","Pernem, Querim, Goa 403524",The Hatha Yogashala
hatha-yogashala-pernem-goa-garden-lounge-candid-portrait-05.webp,garden lounge candid portrait,"Candid portrait of a yoga retreat guest relaxing in the tropical garden at The Hatha Yogashala, Goa","Pernem, Querim, Goa 403524",The Hatha Yogashala
hatha-yogashala-pernem-goa-garden-lounge-candid-portrait-06.webp,garden lounge candid portrait,"Candid portrait of a yoga retreat guest relaxing in the tropical garden at The Hatha Yogashala, Goa","Pernem, Querim, Goa 403524",The Hatha Yogashala
hatha-yogashala-pernem-goa-garden-lounge-candid-portrait-07.webp,garden lounge candid portrait,"Candid portrait of a yoga retreat guest relaxing in the tropical garden at The Hatha Yogashala, Goa","Pernem, Querim, Goa 403524",The Hatha Yogashala
hatha-yogashala-pernem-goa-garden-lounge-candid-portrait-08.webp,garden lounge candid portrait,"Candid portrait of a yoga retreat guest relaxing in the tropical garden at The Hatha Yogashala, Goa","Pernem, Querim, Goa 403524",The Hatha Yogashala
hatha-yogashala-pernem-goa-garden-lounge-candid-portrait-09.webp,garden lounge candid portrait,"Candid portrait of a yoga retreat guest relaxing in the tropical garden at The Hatha Yogashala, Goa","Pernem, Querim, Goa 403524",The Hatha Yogashala
hatha-yogashala-pernem-goa-garden-lounge-candid-portrait-10.webp,garden lounge candid portrait,"Candid portrait of a yoga retreat guest relaxing in the tropical garden at The Hatha Yogashala, Goa","Pernem, Querim, Goa 403524",The Hatha Yogashala
hatha-yogashala-pernem-goa-garden-lounge-candid-portrait-11.webp,garden lounge candid portrait,"Candid portrait of a yoga retreat guest relaxing in the tropical garden at The Hatha Yogashala, Goa","Pernem, Querim, Goa 403524",The Hatha Yogashala
hatha-yogashala-pernem-goa-garden-lounge-candid-portrait-12.webp,garden lounge candid portrait,"Candid portrait of a yoga retreat guest relaxing in the tropical garden at The Hatha Yogashala, Goa","Pernem, Querim, Goa 403524",The Hatha Yogashala
hatha-yogashala-pernem-goa-hatha-yoga-asana-practice-shala-01.webp,hatha yoga asana practice shala,"Hatha yoga asana class in session inside the thatched-roof shala at The Hatha Yogashala, Pernem, Goa","Pernem, Querim, Goa 403524",The Hatha Yogashala
hatha-yogashala-pernem-goa-hatha-yoga-asana-practice-shala-02.webp,hatha yoga asana practice shala,"Hatha yoga asana class in session inside the thatched-roof shala at The Hatha Yogashala, Pernem, Goa","Pernem, Querim, Goa 403524",The Hatha Yogashala
hatha-yogashala-pernem-goa-hatha-yoga-asana-practice-shala-03.webp,hatha yoga asana practice shala,"Hatha yoga asana class in session inside the thatched-roof shala at The Hatha Yogashala, Pernem, Goa","Pernem, Querim, Goa 403524",The Hatha Yogashala
hatha-yogashala-pernem-goa-hatha-yoga-asana-practice-shala-04.webp,hatha yoga asana practice shala,"Hatha yoga asana class in session inside the thatched-roof shala at The Hatha Yogashala, Pernem, Goa","Pernem, Querim, Goa 403524",The Hatha Yogashala
hatha-yogashala-pernem-goa-hatha-yoga-asana-practice-shala-05.webp,hatha yoga asana practice shala,"Hatha yoga asana class in session inside the thatched-roof shala at The Hatha Yogashala, Pernem, Goa","Pernem, Querim, Goa 403524",The Hatha Yogashala
hatha-yogashala-pernem-goa-hatha-yoga-asana-practice-shala-06.webp,hatha yoga asana practice shala,"Hatha yoga asana class in session inside the thatched-roof shala at The Hatha Yogashala, Pernem, Goa","Pernem, Querim, Goa 403524",The Hatha Yogashala
hatha-yogashala-pernem-goa-hatha-yoga-asana-practice-shala-07.webp,hatha yoga asana practice shala,"Hatha yoga asana class in session inside the thatched-roof shala at The Hatha Yogashala, Pernem, Goa","Pernem, Querim, Goa 403524",The Hatha Yogashala
hatha-yogashala-pernem-goa-hatha-yoga-asana-practice-shala-08.webp,hatha yoga asana practice shala,"Hatha yoga asana class in session inside the thatched-roof shala at The Hatha Yogashala, Pernem, Goa","Pernem, Querim, Goa 403524",The Hatha Yogashala
hatha-yogashala-pernem-goa-hatha-yoga-asana-practice-shala-09.webp,hatha yoga asana practice shala,"Hatha yoga asana class in session inside the thatched-roof shala at The Hatha Yogashala, Pernem, Goa","Pernem, Querim, Goa 403524",The Hatha Yogashala
hatha-yogashala-pernem-goa-hatha-yoga-asana-practice-shala-10.webp,hatha yoga asana practice shala,"Hatha yoga asana class in session inside the thatched-roof shala at The Hatha Yogashala, Pernem, Goa","Pernem, Querim, Goa 403524",The Hatha Yogashala
hatha-yogashala-pernem-goa-hatha-yoga-asana-practice-shala-11.webp,hatha yoga asana practice shala,"Hatha yoga asana class in session inside the thatched-roof shala at The Hatha Yogashala, Pernem, Goa","Pernem, Querim, Goa 403524",The Hatha Yogashala
hatha-yogashala-pernem-goa-hatha-yoga-asana-practice-shala-12.webp,hatha yoga asana practice shala,"Hatha yoga asana class in session inside the thatched-roof shala at The Hatha Yogashala, Pernem, Goa","Pernem, Querim, Goa 403524",The Hatha Yogashala
hatha-yogashala-pernem-goa-hatha-yoga-asana-practice-shala-13.webp,hatha yoga asana practice shala,"Hatha yoga asana class in session inside the thatched-roof shala at The Hatha Yogashala, Pernem, Goa","Pernem, Querim, Goa 403524",The Hatha Yogashala
hatha-yogashala-pernem-goa-hatha-yoga-asana-practice-shala-14.webp,hatha yoga asana practice shala,"Hatha yoga asana class in session inside the thatched-roof shala at The Hatha Yogashala, Pernem, Goa","Pernem, Querim, Goa 403524",The Hatha Yogashala
hatha-yogashala-pernem-goa-hatha-yoga-asana-practice-shala-15.webp,hatha yoga asana practice shala,"Hatha yoga asana class in session inside the thatched-roof shala at The Hatha Yogashala, Pernem, Goa","Pernem, Querim, Goa 403524",The Hatha Yogashala
hatha-yogashala-pernem-goa-hatha-yoga-asana-practice-shala-16.webp,hatha yoga asana practice shala,"Hatha yoga asana class in session inside the thatched-roof shala at The Hatha Yogashala, Pernem, Goa","Pernem, Querim, Goa 403524",The Hatha Yogashala
hatha-yogashala-pernem-goa-hatha-yoga-asana-practice-shala-17.webp,hatha yoga asana practice shala,"Hatha yoga asana class in session inside the thatched-roof shala at The Hatha Yogashala, Pernem, Goa","Pernem, Querim, Goa 403524",The Hatha Yogashala
hatha-yogashala-pernem-goa-hatha-yoga-asana-practice-shala-18.webp,hatha yoga asana practice shala,"Hatha yoga asana class in session inside the thatched-roof shala at The Hatha Yogashala, Pernem, Goa","Pernem, Querim, Goa 403524",The Hatha Yogashala
hatha-yogashala-pernem-goa-hatha-yoga-asana-practice-shala-19.webp,hatha yoga asana practice shala,"Hatha yoga asana class in session inside the thatched-roof shala at The Hatha Yogashala, Pernem, Goa","Pernem, Querim, Goa 403524",The Hatha Yogashala
hatha-yogashala-pernem-goa-hatha-yoga-asana-practice-shala-20.webp,hatha yoga asana practice shala,"Hatha yoga asana class in session inside the thatched-roof shala at The Hatha Yogashala, Pernem, Goa","Pernem, Querim, Goa 403524",The Hatha Yogashala
hatha-yogashala-pernem-goa-hatha-yoga-asana-practice-shala-21.webp,hatha yoga asana practice shala,"Hatha yoga asana class in session inside the thatched-roof shala at The Hatha Yogashala, Pernem, Goa","Pernem, Querim, Goa 403524",The Hatha Yogashala
hatha-yogashala-pernem-goa-hatha-yoga-asana-practice-shala-22.webp,hatha yoga asana practice shala,"Hatha yoga asana class in session inside the thatched-roof shala at The Hatha Yogashala, Pernem, Goa","Pernem, Querim, Goa 403524",The Hatha Yogashala
hatha-yogashala-pernem-goa-hatha-yoga-asana-practice-shala-23.webp,hatha yoga asana practice shala,"Hatha yoga asana class in session inside the thatched-roof shala at The Hatha Yogashala, Pernem, Goa","Pernem, Querim, Goa 403524",The Hatha Yogashala
hatha-yogashala-pernem-goa-hatha-yoga-asana-practice-shala-24.webp,hatha yoga asana practice shala,"Hatha yoga asana class in session inside the thatched-roof shala at The Hatha Yogashala, Pernem, Goa","Pernem, Querim, Goa 403524",The Hatha Yogashala
hatha-yogashala-pernem-goa-hatha-yoga-asana-practice-shala-25.webp,hatha yoga asana practice shala,"Hatha yoga asana class in session inside the thatched-roof shala at The Hatha Yogashala, Pernem, Goa","Pernem, Querim, Goa 403524",The Hatha Yogashala
hatha-yogashala-pernem-goa-hatha-yoga-asana-practice-shala-26.webp,hatha yoga asana practice shala,"Hatha yoga asana class in session inside the thatched-roof shala at The Hatha Yogashala, Pernem, Goa","Pernem, Querim, Goa 403524",The Hatha Yogashala
hatha-yogashala-pernem-goa-hatha-yoga-asana-practice-shala-27.webp,hatha yoga asana practice shala,"Hatha yoga asana class in session inside the thatched-roof shala at The Hatha Yogashala, Pernem, Goa","Pernem, Querim, Goa 403524",The Hatha Yogashala
hatha-yogashala-pernem-goa-hatha-yoga-asana-practice-shala-28.webp,hatha yoga asana practice shala,"Hatha yoga asana class in session inside the thatched-roof shala at The Hatha Yogashala, Pernem, Goa","Pernem, Querim, Goa 403524",The Hatha Yogashala
hatha-yogashala-pernem-goa-hatha-yoga-asana-practice-shala-29.webp,hatha yoga asana practice shala,"Hatha yoga asana class in session inside the thatched-roof shala at The Hatha Yogashala, Pernem, Goa","Pernem, Querim, Goa 403524",The Hatha Yogashala
hatha-yogashala-pernem-goa-wall-supported-headstand-practice-01.webp,wall supported headstand practice,"Yoga student practicing wall-supported headstand (Sirsasana) during class at The Hatha Yogashala, Goa","Pernem, Querim, Goa 403524",The Hatha Yogashala
hatha-yogashala-pernem-goa-wall-supported-headstand-practice-02.webp,wall supported headstand practice,"Yoga student practicing wall-supported headstand (Sirsasana) during class at The Hatha Yogashala, Goa","Pernem, Querim, Goa 403524",The Hatha Yogashala
hatha-yogashala-pernem-goa-wall-supported-headstand-practice-03.webp,wall supported headstand practice,"Yoga student practicing wall-supported headstand (Sirsasana) during class at The Hatha Yogashala, Goa","Pernem, Querim, Goa 403524",The Hatha Yogashala
hatha-yogashala-pernem-goa-wall-supported-headstand-practice-04.webp,wall supported headstand practice,"Yoga student practicing wall-supported headstand (Sirsasana) during class at The Hatha Yogashala, Goa","Pernem, Querim, Goa 403524",The Hatha Yogashala
hatha-yogashala-pernem-goa-wall-supported-headstand-practice-05.webp,wall supported headstand practice,"Yoga student practicing wall-supported headstand (Sirsasana) during class at The Hatha Yogashala, Goa","Pernem, Querim, Goa 403524",The Hatha Yogashala
hatha-yogashala-pernem-goa-wall-supported-headstand-practice-06.webp,wall supported headstand practice,"Yoga student practicing wall-supported headstand (Sirsasana) during class at The Hatha Yogashala, Goa","Pernem, Querim, Goa 403524",The Hatha Yogashala
hatha-yogashala-pernem-goa-wall-supported-headstand-practice-07.webp,wall supported headstand practice,"Yoga student practicing wall-supported headstand (Sirsasana) during class at The Hatha Yogashala, Goa","Pernem, Querim, Goa 403524",The Hatha Yogashala
hatha-yogashala-pernem-goa-wall-supported-headstand-practice-08.webp,wall supported headstand practice,"Yoga student practicing wall-supported headstand (Sirsasana) during class at The Hatha Yogashala, Goa","Pernem, Querim, Goa 403524",The Hatha Yogashala
hatha-yogashala-pernem-goa-wall-supported-headstand-practice-09.webp,wall supported headstand practice,"Yoga student practicing wall-supported headstand (Sirsasana) during class at The Hatha Yogashala, Goa","Pernem, Querim, Goa 403524",The Hatha Yogashala
hatha-yogashala-pernem-goa-wall-supported-headstand-practice-10.webp,wall supported headstand practice,"Yoga student practicing wall-supported headstand (Sirsasana) during class at The Hatha Yogashala, Goa","Pernem, Querim, Goa 403524",The Hatha Yogashala
hatha-yogashala-pernem-goa-wall-supported-headstand-practice-11.webp,wall supported headstand practice,"Yoga student practicing wall-supported headstand (Sirsasana) during class at The Hatha Yogashala, Goa","Pernem, Querim, Goa 403524",The Hatha Yogashala
hatha-yogashala-pernem-goa-wall-supported-headstand-practice-12.webp,wall supported headstand practice,"Yoga student practicing wall-supported headstand (Sirsasana) during class at The Hatha Yogashala, Goa","Pernem, Querim, Goa 403524",The Hatha Yogashala
hatha-yogashala-pernem-goa-wall-supported-headstand-practice-13.webp,wall supported headstand practice,"Yoga student practicing wall-supported headstand (Sirsasana) during class at The Hatha Yogashala, Goa","Pernem, Querim, Goa 403524",The Hatha Yogashala
hatha-yogashala-pernem-goa-wall-supported-headstand-practice-14.webp,wall supported headstand practice,"Yoga student practicing wall-supported headstand (Sirsasana) during class at The Hatha Yogashala, Goa","Pernem, Querim, Goa 403524",The Hatha Yogashala
hatha-yogashala-pernem-goa-wall-supported-headstand-practice-15.webp,wall supported headstand practice,"Yoga student practicing wall-supported headstand (Sirsasana) during class at The Hatha Yogashala, Goa","Pernem, Querim, Goa 403524",The Hatha Yogashala
hatha-yogashala-pernem-goa-wall-supported-headstand-practice-16.webp,wall supported headstand practice,"Yoga student practicing wall-supported headstand (Sirsasana) during class at The Hatha Yogashala, Goa","Pernem, Querim, Goa 403524",The Hatha Yogashala
hatha-yogashala-pernem-goa-wall-supported-headstand-practice-17.webp,wall supported headstand practice,"Yoga student practicing wall-supported headstand (Sirsasana) during class at The Hatha Yogashala, Goa","Pernem, Querim, Goa 403524",The Hatha Yogashala
hatha-yogashala-pernem-goa-wall-supported-headstand-practice-18.webp,wall supported headstand practice,"Yoga student practicing wall-supported headstand (Sirsasana) during class at The Hatha Yogashala, Goa","Pernem, Querim, Goa 403524",The Hatha Yogashala
hatha-yogashala-pernem-goa-wall-supported-headstand-practice-19.webp,wall supported headstand practice,"Yoga student practicing wall-supported headstand (Sirsasana) during class at The Hatha Yogashala, Goa","Pernem, Querim, Goa 403524",The Hatha Yogashala
hatha-yogashala-pernem-goa-teacher-led-meditation-philosophy-talk-01.webp,teacher led meditation philosophy talk,"Yoga teacher leading a meditation and philosophy talk at The Hatha Yogashala, Pernem, Goa","Pernem, Querim, Goa 403524",The Hatha Yogashala
hatha-yogashala-pernem-goa-teacher-led-meditation-philosophy-talk-02.webp,teacher led meditation philosophy talk,"Yoga teacher leading a meditation and philosophy talk at The Hatha Yogashala, Pernem, Goa","Pernem, Querim, Goa 403524",The Hatha Yogashala
hatha-yogashala-pernem-goa-teacher-led-meditation-philosophy-talk-03.webp,teacher led meditation philosophy talk,"Yoga teacher leading a meditation and philosophy talk at The Hatha Yogashala, Pernem, Goa","Pernem, Querim, Goa 403524",The Hatha Yogashala
hatha-yogashala-pernem-goa-teacher-led-meditation-philosophy-talk-04.webp,teacher led meditation philosophy talk,"Yoga teacher leading a meditation and philosophy talk at The Hatha Yogashala, Pernem, Goa","Pernem, Querim, Goa 403524",The Hatha Yogashala
hatha-yogashala-pernem-goa-teacher-led-meditation-philosophy-talk-05.webp,teacher led meditation philosophy talk,"Yoga teacher leading a meditation and philosophy talk at The Hatha Yogashala, Pernem, Goa","Pernem, Querim, Goa 403524",The Hatha Yogashala
hatha-yogashala-pernem-goa-teacher-led-meditation-philosophy-talk-06.webp,teacher led meditation philosophy talk,"Yoga teacher leading a meditation and philosophy talk at The Hatha Yogashala, Pernem, Goa","Pernem, Querim, Goa 403524",The Hatha Yogashala
hatha-yogashala-pernem-goa-teacher-led-meditation-philosophy-talk-07.webp,teacher led meditation philosophy talk,"Yoga teacher leading a meditation and philosophy talk at The Hatha Yogashala, Pernem, Goa","Pernem, Querim, Goa 403524",The Hatha Yogashala
hatha-yogashala-pernem-goa-teacher-led-meditation-philosophy-talk-08.webp,teacher led meditation philosophy talk,"Yoga teacher leading a meditation and philosophy talk at The Hatha Yogashala, Pernem, Goa","Pernem, Querim, Goa 403524",The Hatha Yogashala
hatha-yogashala-pernem-goa-teacher-led-meditation-philosophy-talk-09.webp,teacher led meditation philosophy talk,"Yoga teacher leading a meditation and philosophy talk at The Hatha Yogashala, Pernem, Goa","Pernem, Querim, Goa 403524",The Hatha Yogashala
hatha-yogashala-pernem-goa-teacher-led-meditation-philosophy-talk-10.webp,teacher led meditation philosophy talk,"Yoga teacher leading a meditation and philosophy talk at The Hatha Yogashala, Pernem, Goa","Pernem, Querim, Goa 403524",The Hatha Yogashala
hatha-yogashala-pernem-goa-teacher-led-meditation-philosophy-talk-11.webp,teacher led meditation philosophy talk,"Yoga teacher leading a meditation and philosophy talk at The Hatha Yogashala, Pernem, Goa","Pernem, Querim, Goa 403524",The Hatha Yogashala
hatha-yogashala-pernem-goa-savasana-final-relaxation-pose-01.webp,savasana final relaxation pose,"Students resting in Savasana final relaxation pose at the end of yoga class, The Hatha Yogashala, Goa","Pernem, Querim, Goa 403524",The Hatha Yogashala
hatha-yogashala-pernem-goa-savasana-final-relaxation-pose-02.webp,savasana final relaxation pose,"Students resting in Savasana final relaxation pose at the end of yoga class, The Hatha Yogashala, Goa","Pernem, Querim, Goa 403524",The Hatha Yogashala
hatha-yogashala-pernem-goa-savasana-final-relaxation-pose-03.webp,savasana final relaxation pose,"Students resting in Savasana final relaxation pose at the end of yoga class, The Hatha Yogashala, Goa","Pernem, Querim, Goa 403524",The Hatha Yogashala
hatha-yogashala-pernem-goa-savasana-final-relaxation-pose-04.webp,savasana final relaxation pose,"Students resting in Savasana final relaxation pose at the end of yoga class, The Hatha Yogashala, Goa","Pernem, Querim, Goa 403524",The Hatha Yogashala
hatha-yogashala-pernem-goa-mandala-art-therapy-workshop-01.webp,mandala art therapy workshop,"Creative mandala art therapy workshop with students painting at The Hatha Yogashala, Pernem, Goa","Pernem, Querim, Goa 403524",The Hatha Yogashala
hatha-yogashala-pernem-goa-mandala-art-therapy-workshop-02.webp,mandala art therapy workshop,"Creative mandala art therapy workshop with students painting at The Hatha Yogashala, Pernem, Goa","Pernem, Querim, Goa 403524",The Hatha Yogashala
hatha-yogashala-pernem-goa-mandala-art-therapy-workshop-03.webp,mandala art therapy workshop,"Creative mandala art therapy workshop with students painting at The Hatha Yogashala, Pernem, Goa","Pernem, Querim, Goa 403524",The Hatha Yogashala
hatha-yogashala-pernem-goa-mandala-art-therapy-workshop-04.webp,mandala art therapy workshop,"Creative mandala art therapy workshop with students painting at The Hatha Yogashala, Pernem, Goa","Pernem, Querim, Goa 403524",The Hatha Yogashala
hatha-yogashala-pernem-goa-mandala-art-therapy-workshop-05.webp,mandala art therapy workshop,"Creative mandala art therapy workshop with students painting at The Hatha Yogashala, Pernem, Goa","Pernem, Querim, Goa 403524",The Hatha Yogashala
hatha-yogashala-pernem-goa-mandala-art-therapy-workshop-06.webp,mandala art therapy workshop,"Creative mandala art therapy workshop with students painting at The Hatha Yogashala, Pernem, Goa","Pernem, Querim, Goa 403524",The Hatha Yogashala
hatha-yogashala-pernem-goa-mandala-art-therapy-workshop-07.webp,mandala art therapy workshop,"Creative mandala art therapy workshop with students painting at The Hatha Yogashala, Pernem, Goa","Pernem, Querim, Goa 403524",The Hatha Yogashala
hatha-yogashala-pernem-goa-mandala-art-therapy-workshop-08.webp,mandala art therapy workshop,"Creative mandala art therapy workshop with students painting at The Hatha Yogashala, Pernem, Goa","Pernem, Querim, Goa 403524",The Hatha Yogashala
hatha-yogashala-pernem-goa-mandala-art-therapy-workshop-09.webp,mandala art therapy workshop,"Creative mandala art therapy workshop with students painting at The Hatha Yogashala, Pernem, Goa","Pernem, Querim, Goa 403524",The Hatha Yogashala
hatha-yogashala-pernem-goa-mandala-art-therapy-workshop-10.webp,mandala art therapy workshop,"Creative mandala art therapy workshop with students painting at The Hatha Yogashala, Pernem, Goa","Pernem, Querim, Goa 403524",The Hatha Yogashala
hatha-yogashala-pernem-goa-mandala-art-therapy-workshop-11.webp,mandala art therapy workshop,"Creative mandala art therapy workshop with students painting at The Hatha Yogashala, Pernem, Goa","Pernem, Querim, Goa 403524",The Hatha Yogashala
hatha-yogashala-pernem-goa-mandala-art-therapy-workshop-12.webp,mandala art therapy workshop,"Creative mandala art therapy workshop with students painting at The Hatha Yogashala, Pernem, Goa","Pernem, Querim, Goa 403524",The Hatha Yogashala
hatha-yogashala-pernem-goa-mandala-art-therapy-workshop-13.webp,mandala art therapy workshop,"Creative mandala art therapy workshop with students painting at The Hatha Yogashala, Pernem, Goa","Pernem, Querim, Goa 403524",The Hatha Yogashala
hatha-yogashala-pernem-goa-mandala-art-therapy-workshop-14.webp,mandala art therapy workshop,"Creative mandala art therapy workshop with students painting at The Hatha Yogashala, Pernem, Goa","Pernem, Querim, Goa 403524",The Hatha Yogashala
hatha-yogashala-pernem-goa-mandala-art-therapy-workshop-15.webp,mandala art therapy workshop,"Creative mandala art therapy workshop with students painting at The Hatha Yogashala, Pernem, Goa","Pernem, Querim, Goa 403524",The Hatha Yogashala
hatha-yogashala-pernem-goa-mandala-art-therapy-workshop-16.webp,mandala art therapy workshop,"Creative mandala art therapy workshop with students painting at The Hatha Yogashala, Pernem, Goa","Pernem, Querim, Goa 403524",The Hatha Yogashala
hatha-yogashala-pernem-goa-mandala-art-therapy-workshop-17.webp,mandala art therapy workshop,"Creative mandala art therapy workshop with students painting at The Hatha Yogashala, Pernem, Goa","Pernem, Querim, Goa 403524",The Hatha Yogashala
hatha-yogashala-pernem-goa-mandala-art-therapy-workshop-18.webp,mandala art therapy workshop,"Creative mandala art therapy workshop with students painting at The Hatha Yogashala, Pernem, Goa","Pernem, Querim, Goa 403524",The Hatha Yogashala
hatha-yogashala-pernem-goa-mandala-art-therapy-workshop-19.webp,mandala art therapy workshop,"Creative mandala art therapy workshop with students painting at The Hatha Yogashala, Pernem, Goa","Pernem, Querim, Goa 403524",The Hatha Yogashala
hatha-yogashala-pernem-goa-mandala-art-therapy-workshop-20.webp,mandala art therapy workshop,"Creative mandala art therapy workshop with students painting at The Hatha Yogashala, Pernem, Goa","Pernem, Querim, Goa 403524",The Hatha Yogashala
hatha-yogashala-pernem-goa-mandala-art-therapy-workshop-21.webp,mandala art therapy workshop,"Creative mandala art therapy workshop with students painting at The Hatha Yogashala, Pernem, Goa","Pernem, Querim, Goa 403524",The Hatha Yogashala
hatha-yogashala-pernem-goa-mandala-art-therapy-workshop-22.webp,mandala art therapy workshop,"Creative mandala art therapy workshop with students painting at The Hatha Yogashala, Pernem, Goa","Pernem, Querim, Goa 403524",The Hatha Yogashala
hatha-yogashala-pernem-goa-mandala-art-therapy-workshop-23.webp,mandala art therapy workshop,"Creative mandala art therapy workshop with students painting at The Hatha Yogashala, Pernem, Goa","Pernem, Querim, Goa 403524",The Hatha Yogashala
hatha-yogashala-pernem-goa-mandala-art-therapy-workshop-24.webp,mandala art therapy workshop,"Creative mandala art therapy workshop with students painting at The Hatha Yogashala, Pernem, Goa","Pernem, Querim, Goa 403524",The Hatha Yogashala
hatha-yogashala-pernem-goa-mandala-art-therapy-workshop-25.webp,mandala art therapy workshop,"Creative mandala art therapy workshop with students painting at The Hatha Yogashala, Pernem, Goa","Pernem, Querim, Goa 403524",The Hatha Yogashala
hatha-yogashala-pernem-goa-mandala-art-therapy-workshop-26.webp,mandala art therapy workshop,"Creative mandala art therapy workshop with students painting at The Hatha Yogashala, Pernem, Goa","Pernem, Querim, Goa 403524",The Hatha Yogashala
hatha-yogashala-pernem-goa-mandala-art-therapy-workshop-27.webp,mandala art therapy workshop,"Creative mandala art therapy workshop with students painting at The Hatha Yogashala, Pernem, Goa","Pernem, Querim, Goa 403524",The Hatha Yogashala
hatha-yogashala-pernem-goa-mandala-art-therapy-workshop-28.webp,mandala art therapy workshop,"Creative mandala art therapy workshop with students painting at The Hatha Yogashala, Pernem, Goa","Pernem, Querim, Goa 403524",The Hatha Yogashala
hatha-yogashala-pernem-goa-mandala-art-therapy-workshop-29.webp,mandala art therapy workshop,"Creative mandala art therapy workshop with students painting at The Hatha Yogashala, Pernem, Goa","Pernem, Querim, Goa 403524",The Hatha Yogashala
hatha-yogashala-pernem-goa-mandala-art-therapy-workshop-30.webp,mandala art therapy workshop,"Creative mandala art therapy workshop with students painting at The Hatha Yogashala, Pernem, Goa","Pernem, Querim, Goa 403524",The Hatha Yogashala
hatha-yogashala-pernem-goa-mandala-art-therapy-workshop-31.webp,mandala art therapy workshop,"Creative mandala art therapy workshop with students painting at The Hatha Yogashala, Pernem, Goa","Pernem, Querim, Goa 403524",The Hatha Yogashala
hatha-yogashala-pernem-goa-mandala-art-therapy-workshop-32.webp,mandala art therapy workshop,"Creative mandala art therapy workshop with students painting at The Hatha Yogashala, Pernem, Goa","Pernem, Querim, Goa 403524",The Hatha Yogashala
hatha-yogashala-pernem-goa-mandala-art-therapy-workshop-33.webp,mandala art therapy workshop,"Creative mandala art therapy workshop with students painting at The Hatha Yogashala, Pernem, Goa","Pernem, Querim, Goa 403524",The Hatha Yogashala
hatha-yogashala-pernem-goa-mandala-art-therapy-workshop-34.webp,mandala art therapy workshop,"Creative mandala art therapy workshop with students painting at The Hatha Yogashala, Pernem, Goa","Pernem, Querim, Goa 403524",The Hatha Yogashala
hatha-yogashala-pernem-goa-mandala-art-therapy-workshop-35.webp,mandala art therapy workshop,"Creative mandala art therapy workshop with students painting at The Hatha Yogashala, Pernem, Goa","Pernem, Querim, Goa 403524",The Hatha Yogashala
hatha-yogashala-pernem-goa-mandala-art-therapy-workshop-36.webp,mandala art therapy workshop,"Creative mandala art therapy workshop with students painting at The Hatha Yogashala, Pernem, Goa","Pernem, Querim, Goa 403524",The Hatha Yogashala
hatha-yogashala-pernem-goa-mandala-art-therapy-workshop-37.webp,mandala art therapy workshop,"Creative mandala art therapy workshop with students painting at The Hatha Yogashala, Pernem, Goa","Pernem, Querim, Goa 403524",The Hatha Yogashala
hatha-yogashala-pernem-goa-mandala-art-therapy-workshop-38.webp,mandala art therapy workshop,"Creative mandala art therapy workshop with students painting at The Hatha Yogashala, Pernem, Goa","Pernem, Querim, Goa 403524",The Hatha Yogashala
hatha-yogashala-pernem-goa-mandala-art-therapy-workshop-39.webp,mandala art therapy workshop,"Creative mandala art therapy workshop with students painting at The Hatha Yogashala, Pernem, Goa","Pernem, Querim, Goa 403524",The Hatha Yogashala
hatha-yogashala-pernem-goa-beach-group-chair-pose-utkatasana-01.webp,beach group chair pose utkatasana,"Yoga group practicing Utkatasana chair pose on the beach near The Hatha Yogashala, Goa","Pernem, Querim, Goa 403524",The Hatha Yogashala
hatha-yogashala-pernem-goa-ashram-vegetarian-thali-meal-04.webp,ashram vegetarian thali meal,"Wholesome vegetarian ashram thali meal served at The Hatha Yogashala in Pernem, Goa","Pernem, Querim, Goa 403524",The Hatha Yogashala
hatha-yogashala-pernem-goa-ashram-vegetarian-thali-meal-05.webp,ashram vegetarian thali meal,"Wholesome vegetarian ashram thali meal served at The Hatha Yogashala in Pernem, Goa","Pernem, Querim, Goa 403524",The Hatha Yogashala
hatha-yogashala-pernem-goa-ashram-vegetarian-thali-meal-06.webp,ashram vegetarian thali meal,"Wholesome vegetarian ashram thali meal served at The Hatha Yogashala in Pernem, Goa","Pernem, Querim, Goa 403524",The Hatha Yogashala
hatha-yogashala-pernem-goa-ashram-vegetarian-thali-meal-07.webp,ashram vegetarian thali meal,"Wholesome vegetarian ashram thali meal served at The Hatha Yogashala in Pernem, Goa","Pernem, Querim, Goa 403524",The Hatha Yogashala
hatha-yogashala-pernem-goa-ashram-vegetarian-thali-meal-08.webp,ashram vegetarian thali meal,"Wholesome vegetarian ashram thali meal served at The Hatha Yogashala in Pernem, Goa","Pernem, Querim, Goa 403524",The Hatha Yogashala
hatha-yogashala-pernem-goa-graduation-ceremony-flower-rangoli-01.webp,graduation ceremony flower rangoli,"Yoga teacher training graduation ceremony with flower rangoli decoration at The Hatha Yogashala, Pernem, Goa","Pernem, Querim, Goa 403524",The Hatha Yogashala
hatha-yogashala-pernem-goa-graduation-ceremony-flower-rangoli-02.webp,graduation ceremony flower rangoli,"Yoga teacher training graduation ceremony with flower rangoli decoration at The Hatha Yogashala, Pernem, Goa","Pernem, Querim, Goa 403524",The Hatha Yogashala
hatha-yogashala-pernem-goa-graduation-ceremony-flower-rangoli-03.webp,graduation ceremony flower rangoli,"Yoga teacher training graduation ceremony with flower rangoli decoration at The Hatha Yogashala, Pernem, Goa","Pernem, Querim, Goa 403524",The Hatha Yogashala
hatha-yogashala-pernem-goa-graduation-ceremony-flower-rangoli-04.webp,graduation ceremony flower rangoli,"Yoga teacher training graduation ceremony with flower rangoli decoration at The Hatha Yogashala, Pernem, Goa","Pernem, Querim, Goa 403524",The Hatha Yogashala
hatha-yogashala-pernem-goa-graduation-ceremony-flower-rangoli-05.webp,graduation ceremony flower rangoli,"Yoga teacher training graduation ceremony with flower rangoli decoration at The Hatha Yogashala, Pernem, Goa","Pernem, Querim, Goa 403524",The Hatha Yogashala
hatha-yogashala-pernem-goa-graduation-ceremony-flower-rangoli-06.webp,graduation ceremony flower rangoli,"Yoga teacher training graduation ceremony with flower rangoli decoration at The Hatha Yogashala, Pernem, Goa","Pernem, Querim, Goa 403524",The Hatha Yogashala
hatha-yogashala-pernem-goa-graduation-ceremony-flower-rangoli-07.webp,graduation ceremony flower rangoli,"Yoga teacher training graduation ceremony with flower rangoli decoration at The Hatha Yogashala, Pernem, Goa","Pernem, Querim, Goa 403524",The Hatha Yogashala
hatha-yogashala-pernem-goa-graduation-ceremony-flower-rangoli-08.webp,graduation ceremony flower rangoli,"Yoga teacher training graduation ceremony with flower rangoli decoration at The Hatha Yogashala, Pernem, Goa","Pernem, Querim, Goa 403524",The Hatha Yogashala
hatha-yogashala-pernem-goa-graduation-ceremony-flower-rangoli-09.webp,graduation ceremony flower rangoli,"Yoga teacher training graduation ceremony with flower rangoli decoration at The Hatha Yogashala, Pernem, Goa","Pernem, Querim, Goa 403524",The Hatha Yogashala
hatha-yogashala-pernem-goa-graduation-ceremony-flower-rangoli-10.webp,graduation ceremony flower rangoli,"Yoga teacher training graduation ceremony with flower rangoli decoration at The Hatha Yogashala, Pernem, Goa","Pernem, Querim, Goa 403524",The Hatha Yogashala
hatha-yogashala-pernem-goa-graduation-ceremony-flower-rangoli-11.webp,graduation ceremony flower rangoli,"Yoga teacher training graduation ceremony with flower rangoli decoration at The Hatha Yogashala, Pernem, Goa","Pernem, Querim, Goa 403524",The Hatha Yogashala
hatha-yogashala-pernem-goa-graduation-ceremony-flower-rangoli-12.webp,graduation ceremony flower rangoli,"Yoga teacher training graduation ceremony with flower rangoli decoration at The Hatha Yogashala, Pernem, Goa","Pernem, Querim, Goa 403524",The Hatha Yogashala
hatha-yogashala-pernem-goa-certificate-presentation-teacher-training-01.webp,certificate presentation teacher training,"Yoga teacher training certificate presentation ceremony at The Hatha Yogashala, Pernem, Querim, Goa","Pernem, Querim, Goa 403524",The Hatha Yogashala
hatha-yogashala-pernem-goa-certificate-presentation-teacher-training-02.webp,certificate presentation teacher training,"Yoga teacher training certificate presentation ceremony at The Hatha Yogashala, Pernem, Querim, Goa","Pernem, Querim, Goa 403524",The Hatha Yogashala
hatha-yogashala-pernem-goa-certificate-presentation-teacher-training-03.webp,certificate presentation teacher training,"Yoga teacher training certificate presentation ceremony at The Hatha Yogashala, Pernem, Querim, Goa","Pernem, Querim, Goa 403524",The Hatha Yogashala
hatha-yogashala-pernem-goa-certificate-presentation-teacher-training-04.webp,certificate presentation teacher training,"Yoga teacher training certificate presentation ceremony at The Hatha Yogashala, Pernem, Querim, Goa","Pernem, Querim, Goa 403524",The Hatha Yogashala
hatha-yogashala-pernem-goa-certificate-presentation-teacher-training-05.webp,certificate presentation teacher training,"Yoga teacher training certificate presentation ceremony at The Hatha Yogashala, Pernem, Querim, Goa","Pernem, Querim, Goa 403524",The Hatha Yogashala
hatha-yogashala-pernem-goa-certificate-presentation-teacher-training-06.webp,certificate presentation teacher training,"Yoga teacher training certificate presentation ceremony at The Hatha Yogashala, Pernem, Querim, Goa","Pernem, Querim, Goa 403524",The Hatha Yogashala
hatha-yogashala-pernem-goa-certificate-presentation-teacher-training-07.webp,certificate presentation teacher training,"Yoga teacher training certificate presentation ceremony at The Hatha Yogashala, Pernem, Querim, Goa","Pernem, Querim, Goa 403524",The Hatha Yogashala
hatha-yogashala-pernem-goa-certificate-presentation-teacher-training-08.webp,certificate presentation teacher training,"Yoga teacher training certificate presentation ceremony at The Hatha Yogashala, Pernem, Querim, Goa","Pernem, Querim, Goa 403524",The Hatha Yogashala
hatha-yogashala-pernem-goa-certificate-presentation-teacher-training-09.webp,certificate presentation teacher training,"Yoga teacher training certificate presentation ceremony at The Hatha Yogashala, Pernem, Querim, Goa","Pernem, Querim, Goa 403524",The Hatha Yogashala
hatha-yogashala-pernem-goa-certificate-presentation-teacher-training-10.webp,certificate presentation teacher training,"Yoga teacher training certificate presentation ceremony at The Hatha Yogashala, Pernem, Querim, Goa","Pernem, Querim, Goa 403524",The Hatha Yogashala
hatha-yogashala-pernem-goa-certificate-presentation-teacher-training-11.webp,certificate presentation teacher training,"Yoga teacher training certificate presentation ceremony at The Hatha Yogashala, Pernem, Querim, Goa","Pernem, Querim, Goa 403524",The Hatha Yogashala
hatha-yogashala-pernem-goa-graduation-group-photo-celebration-01.webp,graduation group photo celebration,"Group photo celebrating yoga teacher training graduation at The Hatha Yogashala, Pernem, Goa","Pernem, Querim, Goa 403524",The Hatha Yogashala
hatha-yogashala-pernem-goa-graduation-group-photo-celebration-02.webp,graduation group photo celebration,"Group photo celebrating yoga teacher training graduation at The Hatha Yogashala, Pernem, Goa","Pernem, Querim, Goa 403524",The Hatha Yogashala
hatha-yogashala-pernem-goa-graduation-group-photo-celebration-03.webp,graduation group photo celebration,"Group photo celebrating yoga teacher training graduation at The Hatha Yogashala, Pernem, Goa","Pernem, Querim, Goa 403524",The Hatha Yogashala
hatha-yogashala-pernem-goa-graduation-group-photo-celebration-04.webp,graduation group photo celebration,"Group photo celebrating yoga teacher training graduation at The Hatha Yogashala, Pernem, Goa","Pernem, Querim, Goa 403524",The Hatha Yogashala
hatha-yogashala-pernem-goa-graduation-group-photo-celebration-05.webp,graduation group photo celebration,"Group photo celebrating yoga teacher training graduation at The Hatha Yogashala, Pernem, Goa","Pernem, Querim, Goa 403524",The Hatha Yogashala
hatha-yogashala-pernem-goa-graduation-group-photo-celebration-06.webp,graduation group photo celebration,"Group photo celebrating yoga teacher training graduation at The Hatha Yogashala, Pernem, Goa","Pernem, Querim, Goa 403524",The Hatha Yogashala
hatha-yogashala-pernem-goa-mandala-art-therapy-workshop-40.webp,mandala art therapy workshop,"Creative mandala art therapy workshop with students painting at The Hatha Yogashala, Pernem, Goa","Pernem, Querim, Goa 403524",The Hatha Yogashala
